year,indic,nace,partner,value
2021,EMP_NR,B-S_X_O,AR,35115
2021,EMP_NR,B-S_X_O,AT,205331
2021,EMP_NR,B-S_X_O,AU,61324
2021,EMP_NR,B-S_X_O,BE,71806
2021,EMP_NR,B-S_X_O,BG,42623
2021,EMP_NR,B-S_X_O,BR,204623
2021,EMP_NR,B-S_X_O,CA,54670
2021,EMP_NR,B-S_X_O,CH,111190
2021,EMP_NR,B-S_X_O,CL,21280
2021,EMP_NR,B-S_X_O,CN_X_HK,511127
2021,EMP_NR,B-S_X_O,CY,2632
2021,EMP_NR,B-S_X_O,CZ,276544
2021,EMP_NR,B-S_X_O,DK,37199
2021,EMP_NR,B-S_X_O,EE,4872
2021,EMP_NR,B-S_X_O,EG,24552
2021,EMP_NR,B-S_X_O,EL,16971
2021,EMP_NR,B-S_X_O,ES,226994
2021,EMP_NR,B-S_X_O,EXT_EU27_2020,3661113
2021,EMP_NR,B-S_X_O,EXT_EU_NAL,0
2021,EMP_NR,B-S_X_O,FI,22012
2021,EMP_NR,B-S_X_O,FR,268638
2021,EMP_NR,B-S_X_O,HK,21387
2021,EMP_NR,B-S_X_O,HR,25071
2021,EMP_NR,B-S_X_O,HU,177086
2021,EMP_NR,B-S_X_O,ID,25672
2021,EMP_NR,B-S_X_O,IE,23391
2021,EMP_NR,B-S_X_O,IL,8034
2021,EMP_NR,B-S_X_O,IN,289593
2021,EMP_NR,B-S_X_O,INT_EU27_2020,2529528
2021,EMP_NR,B-S_X_O,IS,496
2021,EMP_NR,B-S_X_O,IT,187921
2021,EMP_NR,B-S_X_O,JP,64421
2021,EMP_NR,B-S_X_O,KR,32056
2021,EMP_NR,B-S_X_O,LI,2765
2021,EMP_NR,B-S_X_O,LT,16124
2021,EMP_NR,B-S_X_O,LU,14022
2021,EMP_NR,B-S_X_O,LV,4484
2021,EMP_NR,B-S_X_O,MA,25301
2021,EMP_NR,B-S_X_O,MT,2709
2021,EMP_NR,B-S_X_O,MX,251423
2021,EMP_NR,B-S_X_O,MY,65356
2021,EMP_NR,B-S_X_O,NG,7062
2021,EMP_NR,B-S_X_O,NL,127063
2021,EMP_NR,B-S_X_O,NO,22693
2021,EMP_NR,B-S_X_O,NZ,9677
2021,EMP_NR,B-S_X_O,OFFSHO,94820
2021,EMP_NR,B-S_X_O,PH,27237
2021,EMP_NR,B-S_X_O,PL,338234
2021,EMP_NR,B-S_X_O,PT,57304
2021,EMP_NR,B-S_X_O,RO,174341
2021,EMP_NR,B-S_X_O,RU,121838
2021,EMP_NR,B-S_X_O,SE,75125
2021,EMP_NR,B-S_X_O,SG,36567
2021,EMP_NR,B-S_X_O,SI,20925
2021,EMP_NR,B-S_X_O,SK,110106
2021,EMP_NR,B-S_X_O,TH,27839
2021,EMP_NR,B-S_X_O,TR,107680
2021,EMP_NR,B-S_X_O,TW,16042
2021,EMP_NR,B-S_X_O,UK,326916
2021,EMP_NR,B-S_X_O,US,748796
2021,EMP_NR,B-S_X_O,UY,5218
2021,EMP_NR,B-S_X_O,VE,656
2021,EMP_NR,B-S_X_O,WRL_REST,6190641
2021,EMP_NR,B-S_X_O,ZA,53164
2021,ENT_NR,B-S_X_O,AR,133
2021,ENT_NR,B-S_X_O,AT,1327
2021,ENT_NR,B-S_X_O,AU,472
2021,ENT_NR,B-S_X_O,BE,559
2021,ENT_NR,B-S_X_O,BG,125
2021,ENT_NR,B-S_X_O,BR,505
2021,ENT_NR,B-S_X_O,CA,429
2021,ENT_NR,B-S_X_O,CH,1010
2021,ENT_NR,B-S_X_O,CL,142
2021,ENT_NR,B-S_X_O,CN_X_HK,1850
2021,ENT_NR,B-S_X_O,CY,44
2021,ENT_NR,B-S_X_O,CZ,793
2021,ENT_NR,B-S_X_O,DK,354
2021,ENT_NR,B-S_X_O,EE,42
2021,ENT_NR,B-S_X_O,EG,63
2021,ENT_NR,B-S_X_O,EL,105
2021,ENT_NR,B-S_X_O,ES,1167
2021,ENT_NR,B-S_X_O,EXT_EU27_2020,17611
2021,ENT_NR,B-S_X_O,EXT_EU_NAL,0
2021,ENT_NR,B-S_X_O,FI,248
2021,ENT_NR,B-S_X_O,FR,1845
2021,ENT_NR,B-S_X_O,HK,355
2021,ENT_NR,B-S_X_O,HR,125
2021,ENT_NR,B-S_X_O,HU,602
2021,ENT_NR,B-S_X_O,ID,115
2021,ENT_NR,B-S_X_O,IE,205
2021,ENT_NR,B-S_X_O,IL,72
2021,ENT_NR,B-S_X_O,IN,539
2021,ENT_NR,B-S_X_O,INT_EU27_2020,14257
2021,ENT_NR,B-S_X_O,IS,9
2021,ENT_NR,B-S_X_O,IT,1144
2021,ENT_NR,B-S_X_O,JP,341
2021,ENT_NR,B-S_X_O,KR,244
2021,ENT_NR,B-S_X_O,LI,8
2021,ENT_NR,B-S_X_O,LT,79
2021,ENT_NR,B-S_X_O,LU,715
2021,ENT_NR,B-S_X_O,LV,53
2021,ENT_NR,B-S_X_O,MA,70
2021,ENT_NR,B-S_X_O,MT,62
2021,ENT_NR,B-S_X_O,MX,472
2021,ENT_NR,B-S_X_O,MY,224
2021,ENT_NR,B-S_X_O,NG,29
2021,ENT_NR,B-S_X_O,NL,1685
2021,ENT_NR,B-S_X_O,NO,221
2021,ENT_NR,B-S_X_O,NZ,85
2021,ENT_NR,B-S_X_O,OFFSHO,1103
2021,ENT_NR,B-S_X_O,PH,85
2021,ENT_NR,B-S_X_O,PL,1169
2021,ENT_NR,B-S_X_O,PT,259
2021,ENT_NR,B-S_X_O,RO,355
2021,ENT_NR,B-S_X_O,RU,481
2021,ENT_NR,B-S_X_O,SE,677
2021,ENT_NR,B-S_X_O,SG,454
2021,ENT_NR,B-S_X_O,SI,104
2021,ENT_NR,B-S_X_O,SK,416
2021,ENT_NR,B-S_X_O,TH,170
2021,ENT_NR,B-S_X_O,TR,314
2021,ENT_NR,B-S_X_O,TW,148
2021,ENT_NR,B-S_X_O,UK,1642
2021,ENT_NR,B-S_X_O,US,4957
2021,ENT_NR,B-S_X_O,UY,58
2021,ENT_NR,B-S_X_O,VE,7
2021,ENT_NR,B-S_X_O,WRL_REST,31868
2021,ENT_NR,B-S_X_O,ZA,314
2021,EXPN_SAL_BEN_MEUR,B-S_X_O,AR,988.75
2021,EXPN_SAL_BEN_MEUR,B-S_X_O,AT,10042.95
2021,EXPN_SAL_BEN_MEUR,B-S_X_O,AU,4304.27
2021,EXPN_SAL_BEN_MEUR,B-S_X_O,BE,4900.79
2021,EXPN_SAL_BEN_MEUR,B-S_X_O,BG,1776.12
2021,EXPN_SAL_BEN_MEUR,B-S_X_O,BR,4629.50
2021,EXPN_SAL_BEN_MEUR,B-S_X_O,CA,4421.05
2021,EXPN_SAL_BEN_MEUR,B-S_X_O,CH,8539.05
2021,EXPN_SAL_BEN_MEUR,B-S_X_O,CL,580.27
2021,EXPN_SAL_BEN_MEUR,B-S_X_O,CN_X_HK,79880.54
2021,EXPN_SAL_BEN_MEUR,B-S_X_O,CY,83.71
2021,EXPN_SAL_BEN_MEUR,B-S_X_O,CZ,6600.63
2021,EXPN_SAL_BEN_MEUR,B-S_X_O,DK,2468.78
2021,EXPN_SAL_BEN_MEUR,B-S_X_O,EE,274.15
2021,EXPN_SAL_BEN_MEUR,B-S_X_O,EG,256.06
2021,EXPN_SAL_BEN_MEUR,B-S_X_O,EL,358.33
2021,EXPN_SAL_BEN_MEUR,B-S_X_O,ES,9607.90
2021,EXPN_SAL_BEN_MEUR,B-S_X_O,EXT_EU27_2020,286198.78
2021,EXPN_SAL_BEN_MEUR,B-S_X_O,EXT_EU_NAL,0.00
2021,EXPN_SAL_BEN_MEUR,B-S_X_O,FI,882.70
2021,EXPN_SAL_BEN_MEUR,B-S_X_O,FR,15208.00
2021,EXPN_SAL_BEN_MEUR,B-S_X_O,HK,1626.74
2021,EXPN_SAL_BEN_MEUR,B-S_X_O,HR,472.97
2021,EXPN_SAL_BEN_MEUR,B-S_X_O,HU,3352.08
2021,EXPN_SAL_BEN_MEUR,B-S_X_O,ID,324.02
2021,EXPN_SAL_BEN_MEUR,B-S_X_O,IE,3172.81
2021,EXPN_SAL_BEN_MEUR,B-S_X_O,IL,705.08
2021,EXPN_SAL_BEN_MEUR,B-S_X_O,IN,4327.91
2021,EXPN_SAL_BEN_MEUR,B-S_X_O,INT_EU27_2020,173884.12
2021,EXPN_SAL_BEN_MEUR,B-S_X_O,IS,37.45
2021,EXPN_SAL_BEN_MEUR,B-S_X_O,IT,14252.21
2021,EXPN_SAL_BEN_MEUR,B-S_X_O,JP,4733.03
2021,EXPN_SAL_BEN_MEUR,B-S_X_O,KR,2006.88
2021,EXPN_SAL_BEN_MEUR,B-S_X_O,LI,325.22
2021,EXPN_SAL_BEN_MEUR,B-S_X_O,LT,152.93
2021,EXPN_SAL_BEN_MEUR,B-S_X_O,LU,1408.92
2021,EXPN_SAL_BEN_MEUR,B-S_X_O,LV,76.34
2021,EXPN_SAL_BEN_MEUR,B-S_X_O,MA,409.09
2021,EXPN_SAL_BEN_MEUR,B-S_X_O,MT,42.60
2021,EXPN_SAL_BEN_MEUR,B-S_X_O,MX,4442.62
2021,EXPN_SAL_BEN_MEUR,B-S_X_O,MY,1221.55
2021,EXPN_SAL_BEN_MEUR,B-S_X_O,NG,50.35
2021,EXPN_SAL_BEN_MEUR,B-S_X_O,NL,37669.44
2021,EXPN_SAL_BEN_MEUR,B-S_X_O,NO,1485.54
2021,EXPN_SAL_BEN_MEUR,B-S_X_O,NZ,398.42
2021,EXPN_SAL_BEN_MEUR,B-S_X_O,OFFSHO,5568.33
2021,EXPN_SAL_BEN_MEUR,B-S_X_O,PH,421.89
2021,EXPN_SAL_BEN_MEUR,B-S_X_O,PL,6138.69
2021,EXPN_SAL_BEN_MEUR,B-S_X_O,PT,44442.72
2021,EXPN_SAL_BEN_MEUR,B-S_X_O,RO,2431.31
2021,EXPN_SAL_BEN_MEUR,B-S_X_O,RU,2123.66
2021,EXPN_SAL_BEN_MEUR,B-S_X_O,SE,4702.20
2021,EXPN_SAL_BEN_MEUR,B-S_X_O,SG,2898.52
2021,EXPN_SAL_BEN_MEUR,B-S_X_O,SI,834.17
2021,EXPN_SAL_BEN_MEUR,B-S_X_O,SK,2530.69
2021,EXPN_SAL_BEN_MEUR,B-S_X_O,TH,683.89
2021,EXPN_SAL_BEN_MEUR,B-S_X_O,TR,1326.15
2021,EXPN_SAL_BEN_MEUR,B-S_X_O,TW,689.33
2021,EXPN_SAL_BEN_MEUR,B-S_X_O,UK,18240.13
2021,EXPN_SAL_BEN_MEUR,B-S_X_O,US,122951.03
2021,EXPN_SAL_BEN_MEUR,B-S_X_O,UY,148.82
2021,EXPN_SAL_BEN_MEUR,B-S_X_O,VE,14.39
2021,EXPN_SAL_BEN_MEUR,B-S_X_O,WRL_REST,460082.91
2021,EXPN_SAL_BEN_MEUR,B-S_X_O,ZA,1443.17
2021,GRSINV_TNCA_MEUR,B-S_X_O,AR,495.17
2021,GRSINV_TNCA_MEUR,B-S_X_O,AT,5965.37
2021,GRSINV_TNCA_MEUR,B-S_X_O,AU,1503.20
2021,GRSINV_TNCA_MEUR,B-S_X_O,BE,3731.15
2021,GRSINV_TNCA_MEUR,B-S_X_O,BG,510.80
2021,GRSINV_TNCA_MEUR,B-S_X_O,BR,1714.70
2021,GRSINV_TNCA_MEUR,B-S_X_O,CA,871.47
2021,GRSINV_TNCA_MEUR,B-S_X_O,CH,2221.14
2021,GRSINV_TNCA_MEUR,B-S_X_O,CL,191.28
2021,GRSINV_TNCA_MEUR,B-S_X_O,CN_X_HK,7877.76
2021,GRSINV_TNCA_MEUR,B-S_X_O,CY,19.76
2021,GRSINV_TNCA_MEUR,B-S_X_O,CZ,802811.26
2021,GRSINV_TNCA_MEUR,B-S_X_O,DK,1511.20
2021,GRSINV_TNCA_MEUR,B-S_X_O,EE,533.05
2021,GRSINV_TNCA_MEUR,B-S_X_O,EG,174.14
2021,GRSINV_TNCA_MEUR,B-S_X_O,EL,92.19
2021,GRSINV_TNCA_MEUR,B-S_X_O,ES,3733.85
2021,GRSINV_TNCA_MEUR,B-S_X_O,EXT_EU27_2020,82127.56
2021,GRSINV_TNCA_MEUR,B-S_X_O,EXT_EU_NAL,0.00
2021,GRSINV_TNCA_MEUR,B-S_X_O,FI,747.74
2021,GRSINV_TNCA_MEUR,B-S_X_O,FR,8764.66
2021,GRSINV_TNCA_MEUR,B-S_X_O,HK,543.39
2021,GRSINV_TNCA_MEUR,B-S_X_O,HR,901.47
2021,GRSINV_TNCA_MEUR,B-S_X_O,HU,2694.24
2021,GRSINV_TNCA_MEUR,B-S_X_O,ID,201.81
2021,GRSINV_TNCA_MEUR,B-S_X_O,IE,2561.96
2021,GRSINV_TNCA_MEUR,B-S_X_O,IL,207.92
2021,GRSINV_TNCA_MEUR,B-S_X_O,IN,15840.87
2021,GRSINV_TNCA_MEUR,B-S_X_O,INT_EU27_2020,855821.12
2021,GRSINV_TNCA_MEUR,B-S_X_O,IS,16.28
2021,GRSINV_TNCA_MEUR,B-S_X_O,IT,4933.90
2021,GRSINV_TNCA_MEUR,B-S_X_O,JP,1758.83
2021,GRSINV_TNCA_MEUR,B-S_X_O,KR,598.49
2021,GRSINV_TNCA_MEUR,B-S_X_O,LI,29.02
2021,GRSINV_TNCA_MEUR,B-S_X_O,LT,122.71
2021,GRSINV_TNCA_MEUR,B-S_X_O,LU,780.70
2021,GRSINV_TNCA_MEUR,B-S_X_O,LV,52.76
2021,GRSINV_TNCA_MEUR,B-S_X_O,MA,88.83
2021,GRSINV_TNCA_MEUR,B-S_X_O,MT,44.77
2021,GRSINV_TNCA_MEUR,B-S_X_O,MX,2153.99
2021,GRSINV_TNCA_MEUR,B-S_X_O,MY,587.59
2021,GRSINV_TNCA_MEUR,B-S_X_O,NG,20.64
2021,GRSINV_TNCA_MEUR,B-S_X_O,NL,4981.44
2021,GRSINV_TNCA_MEUR,B-S_X_O,NO,1524.54
2021,GRSINV_TNCA_MEUR,B-S_X_O,NZ,161.54
2021,GRSINV_TNCA_MEUR,B-S_X_O,OFFSHO,2646.96
2021,GRSINV_TNCA_MEUR,B-S_X_O,PH,192.72
2021,GRSINV_TNCA_MEUR,B-S_X_O,PL,3459.65
2021,GRSINV_TNCA_MEUR,B-S_X_O,PT,631.99
2021,GRSINV_TNCA_MEUR,B-S_X_O,RO,1585.66
2021,GRSINV_TNCA_MEUR,B-S_X_O,RU,918.56
2021,GRSINV_TNCA_MEUR,B-S_X_O,SE,2581.72
2021,GRSINV_TNCA_MEUR,B-S_X_O,SG,1123.88
2021,GRSINV_TNCA_MEUR,B-S_X_O,SI,232.76
2021,GRSINV_TNCA_MEUR,B-S_X_O,SK,1834.35
2021,GRSINV_TNCA_MEUR,B-S_X_O,TH,353.61
2021,GRSINV_TNCA_MEUR,B-S_X_O,TR,557.66
2021,GRSINV_TNCA_MEUR,B-S_X_O,TW,466.90
2021,GRSINV_TNCA_MEUR,B-S_X_O,UK,11017.05
2021,GRSINV_TNCA_MEUR,B-S_X_O,US,22777.23
2021,GRSINV_TNCA_MEUR,B-S_X_O,UY,51.43
2021,GRSINV_TNCA_MEUR,B-S_X_O,VE,2.08
2021,GRSINV_TNCA_MEUR,B-S_X_O,WRL_REST,937948.67
2021,GRSINV_TNCA_MEUR,B-S_X_O,ZA,980.05
2021,NETTUR_MEUR,B-S_X_O,AR,9414.57
2021,NETTUR_MEUR,B-S_X_O,AT,82221.69
2021,NETTUR_MEUR,B-S_X_O,AU,41574.80
2021,NETTUR_MEUR,B-S_X_O,BE,59513.95
2021,NETTUR_MEUR,B-S_X_O,BG,9525.84
2021,NETTUR_MEUR,B-S_X_O,BR,43244.64
2021,NETTUR_MEUR,B-S_X_O,CA,38291.88
2021,NETTUR_MEUR,B-S_X_O,CH,118563.91
2021,NETTUR_MEUR,B-S_X_O,CL,5195.84
2021,NETTUR_MEUR,B-S_X_O,CN_X_HK,249155.97
2021,NETTUR_MEUR,B-S_X_O,CY,717.04
2021,NETTUR_MEUR,B-S_X_O,CZ,71971.37
2021,NETTUR_MEUR,B-S_X_O,DK,22085.99
2021,NETTUR_MEUR,B-S_X_O,EE,1315.96
2021,NETTUR_MEUR,B-S_X_O,EG,3243.94
2021,NETTUR_MEUR,B-S_X_O,EL,6378.72
2021,NETTUR_MEUR,B-S_X_O,ES,88695.56
2021,NETTUR_MEUR,B-S_X_O,EXT_EU27_2020,1683165.82
2021,NETTUR_MEUR,B-S_X_O,EXT_EU_NAL,0.00
2021,NETTUR_MEUR,B-S_X_O,FI,11017.23
2021,NETTUR_MEUR,B-S_X_O,FR,146602.77
2021,NETTUR_MEUR,B-S_X_O,HK,24589.68
2021,NETTUR_MEUR,B-S_X_O,HR,6500.32
2021,NETTUR_MEUR,B-S_X_O,HU,45725.83
2021,NETTUR_MEUR,B-S_X_O,ID,5319.81
2021,NETTUR_MEUR,B-S_X_O,IE,28214.56
2021,NETTUR_MEUR,B-S_X_O,IL,3712.31
2021,NETTUR_MEUR,B-S_X_O,IN,31417.51
2021,NETTUR_MEUR,B-S_X_O,INT_EU27_2020,996581.36
2021,NETTUR_MEUR,B-S_X_O,IS,126.78
2021,NETTUR_MEUR,B-S_X_O,IT,105166.91
2021,NETTUR_MEUR,B-S_X_O,JP,41987.89
2021,NETTUR_MEUR,B-S_X_O,KR,28212.99
2021,NETTUR_MEUR,B-S_X_O,LI,2492.86
2021,NETTUR_MEUR,B-S_X_O,LT,3016.47
2021,NETTUR_MEUR,B-S_X_O,LU,12235.73
2021,NETTUR_MEUR,B-S_X_O,LV,1029.44
2021,NETTUR_MEUR,B-S_X_O,MA,2350.33
2021,NETTUR_MEUR,B-S_X_O,MT,6413.48
2021,NETTUR_MEUR,B-S_X_O,MX,49278.88
2021,NETTUR_MEUR,B-S_X_O,MY,12756.26
2021,NETTUR_MEUR,B-S_X_O,NG,478.96
2021,NETTUR_MEUR,B-S_X_O,NL,80943.13
2021,NETTUR_MEUR,B-S_X_O,NO,12678.43
2021,NETTUR_MEUR,B-S_X_O,NZ,3136.84
2021,NETTUR_MEUR,B-S_X_O,OFFSHO,65947.22
2021,NETTUR_MEUR,B-S_X_O,PH,2782.80
2021,NETTUR_MEUR,B-S_X_O,PL,81952.63
2021,NETTUR_MEUR,B-S_X_O,PT,16954.82
2021,NETTUR_MEUR,B-S_X_O,RO,30265.32
2021,NETTUR_MEUR,B-S_X_O,RU,37380.63
2021,NETTUR_MEUR,B-S_X_O,SE,42501.05
2021,NETTUR_MEUR,B-S_X_O,SG,29053.66
2021,NETTUR_MEUR,B-S_X_O,SI,5741.39
2021,NETTUR_MEUR,B-S_X_O,SK,29874.16
2021,NETTUR_MEUR,B-S_X_O,TH,11154.33
2021,NETTUR_MEUR,B-S_X_O,TR,17824.73
2021,NETTUR_MEUR,B-S_X_O,TW,13605.85
2021,NETTUR_MEUR,B-S_X_O,UK,221569.73
2021,NETTUR_MEUR,B-S_X_O,US,550007.03
2021,NETTUR_MEUR,B-S_X_O,UY,1136.26
2021,NETTUR_MEUR,B-S_X_O,VE,43.39
2021,NETTUR_MEUR,B-S_X_O,WRL_REST,2679747.19
2021,NETTUR_MEUR,B-S_X_O,ZA,18453.68
2022,EMP_NR,B-S_X_O,AR,31068
2022,EMP_NR,B-S_X_O,AT,202789
2022,EMP_NR,B-S_X_O,AU,66365
2022,EMP_NR,B-S_X_O,BE,73542
2022,EMP_NR,B-S_X_O,BG,44854
2022,EMP_NR,B-S_X_O,BR,209403
2022,EMP_NR,B-S_X_O,CA,59899
2022,EMP_NR,B-S_X_O,CH,111582
2022,EMP_NR,B-S_X_O,CL,22136
2022,EMP_NR,B-S_X_O,CN_X_HK,553369
2022,EMP_NR,B-S_X_O,CY,1878
2022,EMP_NR,B-S_X_O,CZ,282392
2022,EMP_NR,B-S_X_O,DK,38751
2022,EMP_NR,B-S_X_O,EE,5002
2022,EMP_NR,B-S_X_O,EG,26327
2022,EMP_NR,B-S_X_O,EL,28307
2022,EMP_NR,B-S_X_O,ES,255956
2022,EMP_NR,B-S_X_O,EXT_EU27_2020,3842170
2022,EMP_NR,B-S_X_O,EXT_EU_NAL,0
2022,EMP_NR,B-S_X_O,FI,23185
2022,EMP_NR,B-S_X_O,FR,277628
2022,EMP_NR,B-S_X_O,HK,19976
2022,EMP_NR,B-S_X_O,HR,26345
2022,EMP_NR,B-S_X_O,HU,184044
2022,EMP_NR,B-S_X_O,ID,26137
2022,EMP_NR,B-S_X_O,IE,24632
2022,EMP_NR,B-S_X_O,IL,8683
2022,EMP_NR,B-S_X_O,IN,327989
2022,EMP_NR,B-S_X_O,INT_EU27_2020,2645120
2022,EMP_NR,B-S_X_O,IS,523
2022,EMP_NR,B-S_X_O,IT,193068
2022,EMP_NR,B-S_X_O,JP,63186
2022,EMP_NR,B-S_X_O,KR,34089
2022,EMP_NR,B-S_X_O,LI,2747
2022,EMP_NR,B-S_X_O,LT,16425
2022,EMP_NR,B-S_X_O,LU,15778
2022,EMP_NR,B-S_X_O,LV,6011
2022,EMP_NR,B-S_X_O,MA,11961
2022,EMP_NR,B-S_X_O,MT,3183
2022,EMP_NR,B-S_X_O,MX,269726
2022,EMP_NR,B-S_X_O,MY,68753
2022,EMP_NR,B-S_X_O,NG,7000
2022,EMP_NR,B-S_X_O,NL,136985
2022,EMP_NR,B-S_X_O,NO,24965
2022,EMP_NR,B-S_X_O,NZ,6474
2022,EMP_NR,B-S_X_O,OFFSHO,101472
2022,EMP_NR,B-S_X_O,PH,30144
2022,EMP_NR,B-S_X_O,PL,354734
2022,EMP_NR,B-S_X_O,PT,63718
2022,EMP_NR,B-S_X_O,RO,178958
2022,EMP_NR,B-S_X_O,RU,92609
2022,EMP_NR,B-S_X_O,SE,78420
2022,EMP_NR,B-S_X_O,SG,38330
2022,EMP_NR,B-S_X_O,SI,20179
2022,EMP_NR,B-S_X_O,SK,108355
2022,EMP_NR,B-S_X_O,TH,28915
2022,EMP_NR,B-S_X_O,TR,118621
2022,EMP_NR,B-S_X_O,TW,16978
2022,EMP_NR,B-S_X_O,UK,349193
2022,EMP_NR,B-S_X_O,US,793504
2022,EMP_NR,B-S_X_O,UY,5377
2022,EMP_NR,B-S_X_O,VE,558
2022,EMP_NR,B-S_X_O,WRL_REST,6487289
2022,EMP_NR,B-S_X_O,ZA,53217
2022,ENT_NR,B-S_X_O,AR,140
2022,ENT_NR,B-S_X_O,AT,1357
2022,ENT_NR,B-S_X_O,AU,501
2022,ENT_NR,B-S_X_O,BE,563
2022,ENT_NR,B-S_X_O,BG,125
2022,ENT_NR,B-S_X_O,BR,530
2022,ENT_NR,B-S_X_O,CA,451
2022,ENT_NR,B-S_X_O,CH,1037
2022,ENT_NR,B-S_X_O,CL,150
2022,ENT_NR,B-S_X_O,CN_X_HK,1951
2022,ENT_NR,B-S_X_O,CY,35
2022,ENT_NR,B-S_X_O,CZ,850
2022,ENT_NR,B-S_X_O,DK,393
2022,ENT_NR,B-S_X_O,EE,38
2022,ENT_NR,B-S_X_O,EG,66
2022,ENT_NR,B-S_X_O,EL,134
2022,ENT_NR,B-S_X_O,ES,1234
2022,ENT_NR,B-S_X_O,EXT_EU27_2020,18387
2022,ENT_NR,B-S_X_O,EXT_EU_NAL,0
2022,ENT_NR,B-S_X_O,FI,266
2022,ENT_NR,B-S_X_O,FR,1900
2022,ENT_NR,B-S_X_O,HK,362
2022,ENT_NR,B-S_X_O,HR,139
2022,ENT_NR,B-S_X_O,HU,602
2022,ENT_NR,B-S_X_O,ID,127
2022,ENT_NR,B-S_X_O,IE,236
2022,ENT_NR,B-S_X_O,IL,78
2022,ENT_NR,B-S_X_O,IN,558
2022,ENT_NR,B-S_X_O,INT_EU27_2020,14928
2022,ENT_NR,B-S_X_O,IS,11
2022,ENT_NR,B-S_X_O,IT,1185
2022,ENT_NR,B-S_X_O,JP,343
2022,ENT_NR,B-S_X_O,KR,258
2022,ENT_NR,B-S_X_O,LI,8
2022,ENT_NR,B-S_X_O,LT,88
2022,ENT_NR,B-S_X_O,LU,769
2022,ENT_NR,B-S_X_O,LV,56
2022,ENT_NR,B-S_X_O,MA,73
2022,ENT_NR,B-S_X_O,MT,63
2022,ENT_NR,B-S_X_O,MX,508
2022,ENT_NR,B-S_X_O,MY,242
2022,ENT_NR,B-S_X_O,NG,31
2022,ENT_NR,B-S_X_O,NL,1792
2022,ENT_NR,B-S_X_O,NO,221
2022,ENT_NR,B-S_X_O,NZ,86
2022,ENT_NR,B-S_X_O,OFFSHO,1187
2022,ENT_NR,B-S_X_O,PH,95
2022,ENT_NR,B-S_X_O,PL,1235
2022,ENT_NR,B-S_X_O,PT,276
2022,ENT_NR,B-S_X_O,RO,378
2022,ENT_NR,B-S_X_O,RU,429
2022,ENT_NR,B-S_X_O,SE,657
2022,ENT_NR,B-S_X_O,SG,490
2022,ENT_NR,B-S_X_O,SI,109
2022,ENT_NR,B-S_X_O,SK,449
2022,ENT_NR,B-S_X_O,TH,179
2022,ENT_NR,B-S_X_O,TR,357
2022,ENT_NR,B-S_X_O,TW,160
2022,ENT_NR,B-S_X_O,UK,1762
2022,ENT_NR,B-S_X_O,US,5066
2022,ENT_NR,B-S_X_O,UY,67
2022,ENT_NR,B-S_X_O,VE,7
2022,ENT_NR,B-S_X_O,WRL_REST,33315
2022,ENT_NR,B-S_X_O,ZA,321
2022,EXPN_SAL_BEN_MEUR,B-S_X_O,AR,1273.56
2022,EXPN_SAL_BEN_MEUR,B-S_X_O,AT,12906.82
2022,EXPN_SAL_BEN_MEUR,B-S_X_O,AU,5725.68
2022,EXPN_SAL_BEN_MEUR,B-S_X_O,BE,5872.98
2022,EXPN_SAL_BEN_MEUR,B-S_X_O,BG,786.81
2022,EXPN_SAL_BEN_MEUR,B-S_X_O,BR,6261.92
2022,EXPN_SAL_BEN_MEUR,B-S_X_O,CA,5391.67
2022,EXPN_SAL_BEN_MEUR,B-S_X_O,CH,15999.74
2022,EXPN_SAL_BEN_MEUR,B-S_X_O,CL,700.95
2022,EXPN_SAL_BEN_MEUR,B-S_X_O,CN_X_HK,23290.34
2022,EXPN_SAL_BEN_MEUR,B-S_X_O,CY,43.73
2022,EXPN_SAL_BEN_MEUR,B-S_X_O,CZ,8977.25
2022,EXPN_SAL_BEN_MEUR,B-S_X_O,DK,3185.57
2022,EXPN_SAL_BEN_MEUR,B-S_X_O,EE,158.52
2022,EXPN_SAL_BEN_MEUR,B-S_X_O,EG,281.00
2022,EXPN_SAL_BEN_MEUR,B-S_X_O,EL,1080.11
2022,EXPN_SAL_BEN_MEUR,B-S_X_O,ES,15413.59
2022,EXPN_SAL_BEN_MEUR,B-S_X_O,EXT_EU27_2020,222506.69
2022,EXPN_SAL_BEN_MEUR,B-S_X_O,EXT_EU_NAL,0.00
2022,EXPN_SAL_BEN_MEUR,B-S_X_O,FI,1499.44
2022,EXPN_SAL_BEN_MEUR,B-S_X_O,FR,19065.23
2022,EXPN_SAL_BEN_MEUR,B-S_X_O,HK,1597.67
2022,EXPN_SAL_BEN_MEUR,B-S_X_O,HR,798.91
2022,EXPN_SAL_BEN_MEUR,B-S_X_O,HU,4664.19
2022,EXPN_SAL_BEN_MEUR,B-S_X_O,ID,411.79
2022,EXPN_SAL_BEN_MEUR,B-S_X_O,IE,1712.93
2022,EXPN_SAL_BEN_MEUR,B-S_X_O,IL,843.21
2022,EXPN_SAL_BEN_MEUR,B-S_X_O,IN,5808.05
2022,EXPN_SAL_BEN_MEUR,B-S_X_O,INT_EU27_2020,126020.55
2022,EXPN_SAL_BEN_MEUR,B-S_X_O,IS,44.36
2022,EXPN_SAL_BEN_MEUR,B-S_X_O,IT,10803.48
2022,EXPN_SAL_BEN_MEUR,B-S_X_O,JP,4855.65
2022,EXPN_SAL_BEN_MEUR,B-S_X_O,KR,2280.08
2022,EXPN_SAL_BEN_MEUR,B-S_X_O,LI,325.02
2022,EXPN_SAL_BEN_MEUR,B-S_X_O,LT,372.43
2022,EXPN_SAL_BEN_MEUR,B-S_X_O,LU,1238.10
2022,EXPN_SAL_BEN_MEUR,B-S_X_O,LV,1052.75
2022,EXPN_SAL_BEN_MEUR,B-S_X_O,MA,333.65
2022,EXPN_SAL_BEN_MEUR,B-S_X_O,MT,89.34
2022,EXPN_SAL_BEN_MEUR,B-S_X_O,MX,5606.55
2022,EXPN_SAL_BEN_MEUR,B-S_X_O,MY,1467.02
2022,EXPN_SAL_BEN_MEUR,B-S_X_O,NG,62.97
2022,EXPN_SAL_BEN_MEUR,B-S_X_O,NL,12419.60
2022,EXPN_SAL_BEN_MEUR,B-S_X_O,NO,2067.39
2022,EXPN_SAL_BEN_MEUR,B-S_X_O,NZ,368.23
2022,EXPN_SAL_BEN_MEUR,B-S_X_O,OFFSHO,7519.43
2022,EXPN_SAL_BEN_MEUR,B-S_X_O,PH,464.45
2022,EXPN_SAL_BEN_MEUR,B-S_X_O,PL,8632.74
2022,EXPN_SAL_BEN_MEUR,B-S_X_O,PT,2252.40
2022,EXPN_SAL_BEN_MEUR,B-S_X_O,RO,3690.16
2022,EXPN_SAL_BEN_MEUR,B-S_X_O,RU,2831.36
2022,EXPN_SAL_BEN_MEUR,B-S_X_O,SE,5332.26
2022,EXPN_SAL_BEN_MEUR,B-S_X_O,SG,4698.39
2022,EXPN_SAL_BEN_MEUR,B-S_X_O,SI,721.12
2022,EXPN_SAL_BEN_MEUR,B-S_X_O,SK,3250.08
2022,EXPN_SAL_BEN_MEUR,B-S_X_O,TH,904.52
2022,EXPN_SAL_BEN_MEUR,B-S_X_O,TR,5990.40
2022,EXPN_SAL_BEN_MEUR,B-S_X_O,TW,826.36
2022,EXPN_SAL_BEN_MEUR,B-S_X_O,UK,22152.72
2022,EXPN_SAL_BEN_MEUR,B-S_X_O,US,87570.85
2022,EXPN_SAL_BEN_MEUR,B-S_X_O,UY,256.96
2022,EXPN_SAL_BEN_MEUR,B-S_X_O,VE,16.55
2022,EXPN_SAL_BEN_MEUR,B-S_X_O,WRL_REST,348527.23
2022,EXPN_SAL_BEN_MEUR,B-S_X_O,ZA,1604.96
2022,GRSINV_TNCA_MEUR,B-S_X_O,AR,365.54
2022,GRSINV_TNCA_MEUR,B-S_X_O,AT,7033.06
2022,GRSINV_TNCA_MEUR,B-S_X_O,AU,2327.24
2022,GRSINV_TNCA_MEUR,B-S_X_O,BE,3288.34
2022,GRSINV_TNCA_MEUR,B-S_X_O,BG,493.15
2022,GRSINV_TNCA_MEUR,B-S_X_O,BR,1765.42
2022,GRSINV_TNCA_MEUR,B-S_X_O,CA,1141.17
2022,GRSINV_TNCA_MEUR,B-S_X_O,CH,10462.94
2022,GRSINV_TNCA_MEUR,B-S_X_O,CL,293.07
2022,GRSINV_TNCA_MEUR,B-S_X_O,CN_X_HK,10968.21
2022,GRSINV_TNCA_MEUR,B-S_X_O,CY,24.34
2022,GRSINV_TNCA_MEUR,B-S_X_O,CZ,254498.02
2022,GRSINV_TNCA_MEUR,B-S_X_O,DK,1468.07
2022,GRSINV_TNCA_MEUR,B-S_X_O,EE,78.97
2022,GRSINV_TNCA_MEUR,B-S_X_O,EG,113.99
2022,GRSINV_TNCA_MEUR,B-S_X_O,EL,3112.80
2022,GRSINV_TNCA_MEUR,B-S_X_O,ES,5663.11
2022,GRSINV_TNCA_MEUR,B-S_X_O,EXT_EU27_2020,93371.13
2022,GRSINV_TNCA_MEUR,B-S_X_O,EXT_EU_NAL,0.00
2022,GRSINV_TNCA_MEUR,B-S_X_O,FI,769.58
2022,GRSINV_TNCA_MEUR,B-S_X_O,FR,9955.10
2022,GRSINV_TNCA_MEUR,B-S_X_O,HK,1024.35
2022,GRSINV_TNCA_MEUR,B-S_X_O,HR,1048.15
2022,GRSINV_TNCA_MEUR,B-S_X_O,HU,5732.20
2022,GRSINV_TNCA_MEUR,B-S_X_O,ID,191.88
2022,GRSINV_TNCA_MEUR,B-S_X_O,IE,1146.65
2022,GRSINV_TNCA_MEUR,B-S_X_O,IL,199.99
2022,GRSINV_TNCA_MEUR,B-S_X_O,IN,2057.72
2022,GRSINV_TNCA_MEUR,B-S_X_O,INT_EU27_2020,324283.65
2022,GRSINV_TNCA_MEUR,B-S_X_O,IS,25.00
2022,GRSINV_TNCA_MEUR,B-S_X_O,IT,5727.86
2022,GRSINV_TNCA_MEUR,B-S_X_O,JP,2598.93
2022,GRSINV_TNCA_MEUR,B-S_X_O,KR,810.60
2022,GRSINV_TNCA_MEUR,B-S_X_O,LI,36.53
2022,GRSINV_TNCA_MEUR,B-S_X_O,LT,260.56
2022,GRSINV_TNCA_MEUR,B-S_X_O,LU,1423.79
2022,GRSINV_TNCA_MEUR,B-S_X_O,LV,129.67
2022,GRSINV_TNCA_MEUR,B-S_X_O,MA,104.04
2022,GRSINV_TNCA_MEUR,B-S_X_O,MT,197.19
2022,GRSINV_TNCA_MEUR,B-S_X_O,MX,2695.23
2022,GRSINV_TNCA_MEUR,B-S_X_O,MY,1224.89
2022,GRSINV_TNCA_MEUR,B-S_X_O,NG,22.13
2022,GRSINV_TNCA_MEUR,B-S_X_O,NL,7255.41
2022,GRSINV_TNCA_MEUR,B-S_X_O,NO,811.52
2022,GRSINV_TNCA_MEUR,B-S_X_O,NZ,119.09
2022,GRSINV_TNCA_MEUR,B-S_X_O,OFFSHO,3757.83
2022,GRSINV_TNCA_MEUR,B-S_X_O,PH,126.43
2022,GRSINV_TNCA_MEUR,B-S_X_O,PL,5388.90
2022,GRSINV_TNCA_MEUR,B-S_X_O,PT,1564.88
2022,GRSINV_TNCA_MEUR,B-S_X_O,RO,2699.69
2022,GRSINV_TNCA_MEUR,B-S_X_O,RU,828.10
2022,GRSINV_TNCA_MEUR,B-S_X_O,SE,2551.07
2022,GRSINV_TNCA_MEUR,B-S_X_O,SG,2155.65
2022,GRSINV_TNCA_MEUR,B-S_X_O,SI,248.70
2022,GRSINV_TNCA_MEUR,B-S_X_O,SK,2524.40
2022,GRSINV_TNCA_MEUR,B-S_X_O,TH,436.91
2022,GRSINV_TNCA_MEUR,B-S_X_O,TR,4140.50
2022,GRSINV_TNCA_MEUR,B-S_X_O,TW,471.34
2022,GRSINV_TNCA_MEUR,B-S_X_O,UK,13107.40
2022,GRSINV_TNCA_MEUR,B-S_X_O,US,28662.54
2022,GRSINV_TNCA_MEUR,B-S_X_O,UY,56.80
2022,GRSINV_TNCA_MEUR,B-S_X_O,VE,1.19
2022,GRSINV_TNCA_MEUR,B-S_X_O,WRL_REST,417654.78
2022,GRSINV_TNCA_MEUR,B-S_X_O,ZA,550.19
2022,NETTUR_MEUR,B-S_X_O,AR,11506.99
2022,NETTUR_MEUR,B-S_X_O,AT,90225.55
2022,NETTUR_MEUR,B-S_X_O,AU,46729.02
2022,NETTUR_MEUR,B-S_X_O,BE,68457.24
2022,NETTUR_MEUR,B-S_X_O,BG,11422.42
2022,NETTUR_MEUR,B-S_X_O,BR,58283.74
2022,NETTUR_MEUR,B-S_X_O,CA,45942.18
2022,NETTUR_MEUR,B-S_X_O,CH,139083.40
2022,NETTUR_MEUR,B-S_X_O,CL,6062.64
2022,NETTUR_MEUR,B-S_X_O,CN_X_HK,274383.28
2022,NETTUR_MEUR,B-S_X_O,CY,824.55
2022,NETTUR_MEUR,B-S_X_O,CZ,84860.85
2022,NETTUR_MEUR,B-S_X_O,DK,21582.96
2022,NETTUR_MEUR,B-S_X_O,EE,1175.83
2022,NETTUR_MEUR,B-S_X_O,EG,3323.77
2022,NETTUR_MEUR,B-S_X_O,EL,11897.03
2022,NETTUR_MEUR,B-S_X_O,ES,103592.63
2022,NETTUR_MEUR,B-S_X_O,EXT_EU27_2020,2106352.03
2022,NETTUR_MEUR,B-S_X_O,EXT_EU_NAL,0.00
2022,NETTUR_MEUR,B-S_X_O,FI,12998.49
2022,NETTUR_MEUR,B-S_X_O,FR,160725.76
2022,NETTUR_MEUR,B-S_X_O,HK,32542.84
2022,NETTUR_MEUR,B-S_X_O,HR,6914.77
2022,NETTUR_MEUR,B-S_X_O,HU,56704.56
2022,NETTUR_MEUR,B-S_X_O,ID,5865.91
2022,NETTUR_MEUR,B-S_X_O,IE,31339.41
2022,NETTUR_MEUR,B-S_X_O,IL,4328.31
2022,NETTUR_MEUR,B-S_X_O,IN,39837.85
2022,NETTUR_MEUR,B-S_X_O,INT_EU27_2020,1147484.93
2022,NETTUR_MEUR,B-S_X_O,IS,217.94
2022,NETTUR_MEUR,B-S_X_O,IT,119186.38
2022,NETTUR_MEUR,B-S_X_O,JP,44093.87
2022,NETTUR_MEUR,B-S_X_O,KR,35980.95
2022,NETTUR_MEUR,B-S_X_O,LI,2378.09
2022,NETTUR_MEUR,B-S_X_O,LT,3744.88
2022,NETTUR_MEUR,B-S_X_O,LU,13628.43
2022,NETTUR_MEUR,B-S_X_O,LV,1434.54
2022,NETTUR_MEUR,B-S_X_O,MA,2242.48
2022,NETTUR_MEUR,B-S_X_O,MT,5994.96
2022,NETTUR_MEUR,B-S_X_O,MX,66169.64
2022,NETTUR_MEUR,B-S_X_O,MY,15376.58
2022,NETTUR_MEUR,B-S_X_O,NG,651.65
2022,NETTUR_MEUR,B-S_X_O,NL,102529.40
2022,NETTUR_MEUR,B-S_X_O,NO,17381.77
2022,NETTUR_MEUR,B-S_X_O,NZ,2760.87
2022,NETTUR_MEUR,B-S_X_O,OFFSHO,85793.21
2022,NETTUR_MEUR,B-S_X_O,PH,3212.32
2022,NETTUR_MEUR,B-S_X_O,PL,97979.16
2022,NETTUR_MEUR,B-S_X_O,PT,20046.63
2022,NETTUR_MEUR,B-S_X_O,RO,37095.51
2022,NETTUR_MEUR,B-S_X_O,RU,27017.17
2022,NETTUR_MEUR,B-S_X_O,SE,44859.57
2022,NETTUR_MEUR,B-S_X_O,SG,40230.28
2022,NETTUR_MEUR,B-S_X_O,SI,5969.54
2022,NETTUR_MEUR,B-S_X_O,SK,32293.91
2022,NETTUR_MEUR,B-S_X_O,TH,12801.96
2022,NETTUR_MEUR,B-S_X_O,TR,27373.65
2022,NETTUR_MEUR,B-S_X_O,TW,15050.36
2022,NETTUR_MEUR,B-S_X_O,UK,385602.11
2022,NETTUR_MEUR,B-S_X_O,US,649303.94
2022,NETTUR_MEUR,B-S_X_O,UY,1507.98
2022,NETTUR_MEUR,B-S_X_O,VE,67.25
2022,NETTUR_MEUR,B-S_X_O,WRL_REST,3253836.96
2022,NETTUR_MEUR,B-S_X_O,ZA,21722.98
2023,EMP_NR,B-S_X_O,AR,28920
2023,EMP_NR,B-S_X_O,AT,212062
2023,EMP_NR,B-S_X_O,AU,69526
2023,EMP_NR,B-S_X_O,BE,73365
2023,EMP_NR,B-S_X_O,BG,45622
2023,EMP_NR,B-S_X_O,BR,206024
2023,EMP_NR,B-S_X_O,CA,61527
2023,EMP_NR,B-S_X_O,CH,115805
2023,EMP_NR,B-S_X_O,CL,22198
2023,EMP_NR,B-S_X_O,CN_X_HK,553885
2023,EMP_NR,B-S_X_O,CY,2115
2023,EMP_NR,B-S_X_O,CZ,277471
2023,EMP_NR,B-S_X_O,DK,37669
2023,EMP_NR,B-S_X_O,EE,5551
2023,EMP_NR,B-S_X_O,EG,25291
2023,EMP_NR,B-S_X_O,EL,28408
2023,EMP_NR,B-S_X_O,ES,262704
2023,EMP_NR,B-S_X_O,EXT_EU27_2020,4019752
2023,EMP_NR,B-S_X_O,EXT_EU_NAL,0
2023,EMP_NR,B-S_X_O,FI,23378
2023,EMP_NR,B-S_X_O,FR,278912
2023,EMP_NR,B-S_X_O,HK,18335
2023,EMP_NR,B-S_X_O,HR,26899
2023,EMP_NR,B-S_X_O,HU,186435
2023,EMP_NR,B-S_X_O,ID,26782
2023,EMP_NR,B-S_X_O,IE,25059
2023,EMP_NR,B-S_X_O,IL,9189
2023,EMP_NR,B-S_X_O,IN,337864
2023,EMP_NR,B-S_X_O,INT_EU27_2020,2672211
2023,EMP_NR,B-S_X_O,IS,506
2023,EMP_NR,B-S_X_O,IT,195093
2023,EMP_NR,B-S_X_O,JP,63244
2023,EMP_NR,B-S_X_O,KR,34183
2023,EMP_NR,B-S_X_O,LI,2858
2023,EMP_NR,B-S_X_O,LT,16601
2023,EMP_NR,B-S_X_O,LU,16758
2023,EMP_NR,B-S_X_O,LV,6299
2023,EMP_NR,B-S_X_O,MA,26968
2023,EMP_NR,B-S_X_O,MT,3770
2023,EMP_NR,B-S_X_O,MX,276701
2023,EMP_NR,B-S_X_O,MY,68979
2023,EMP_NR,B-S_X_O,NG,6711
2023,EMP_NR,B-S_X_O,NL,127911
2023,EMP_NR,B-S_X_O,NO,24613
2023,EMP_NR,B-S_X_O,NZ,6651
2023,EMP_NR,B-S_X_O,OFFSHO,103016
2023,EMP_NR,B-S_X_O,PH,31579
2023,EMP_NR,B-S_X_O,PL,354017
2023,EMP_NR,B-S_X_O,PT,67374
2023,EMP_NR,B-S_X_O,RO,187585
2023,EMP_NR,B-S_X_O,RU,73464
2023,EMP_NR,B-S_X_O,SE,80835
2023,EMP_NR,B-S_X_O,SG,38191
2023,EMP_NR,B-S_X_O,SI,20391
2023,EMP_NR,B-S_X_O,SK,109926
2023,EMP_NR,B-S_X_O,TH,29834
2023,EMP_NR,B-S_X_O,TR,121471
2023,EMP_NR,B-S_X_O,TW,17591
2023,EMP_NR,B-S_X_O,UK,356477
2023,EMP_NR,B-S_X_O,US,941235
2023,EMP_NR,B-S_X_O,UY,5455
2023,EMP_NR,B-S_X_O,VE,662
2023,EMP_NR,B-S_X_O,WRL_REST,6691962
2023,EMP_NR,B-S_X_O,ZA,54144
2023,ENT_NR,B-S_X_O,AR,125
2023,ENT_NR,B-S_X_O,AT,1342
2023,ENT_NR,B-S_X_O,AU,508
2023,ENT_NR,B-S_X_O,BE,569
2023,ENT_NR,B-S_X_O,BG,129
2023,ENT_NR,B-S_X_O,BR,524
2023,ENT_NR,B-S_X_O,CA,465
2023,ENT_NR,B-S_X_O,CH,1037
2023,ENT_NR,B-S_X_O,CL,151
2023,ENT_NR,B-S_X_O,CN_X_HK,1921
2023,ENT_NR,B-S_X_O,CY,36
2023,ENT_NR,B-S_X_O,CZ,813
2023,ENT_NR,B-S_X_O,DK,380
2023,ENT_NR,B-S_X_O,EE,40
2023,ENT_NR,B-S_X_O,EG,69
2023,ENT_NR,B-S_X_O,EL,127
2023,ENT_NR,B-S_X_O,ES,1241
2023,ENT_NR,B-S_X_O,EXT_EU27_2020,18147
2023,ENT_NR,B-S_X_O,EXT_EU_NAL,0
2023,ENT_NR,B-S_X_O,FI,260
2023,ENT_NR,B-S_X_O,FR,1877
2023,ENT_NR,B-S_X_O,HK,344
2023,ENT_NR,B-S_X_O,HR,141
2023,ENT_NR,B-S_X_O,HU,596
2023,ENT_NR,B-S_X_O,ID,126
2023,ENT_NR,B-S_X_O,IE,292
2023,ENT_NR,B-S_X_O,IL,78
2023,ENT_NR,B-S_X_O,IN,553
2023,ENT_NR,B-S_X_O,INT_EU27_2020,14865
2023,ENT_NR,B-S_X_O,IS,11
2023,ENT_NR,B-S_X_O,IT,1189
2023,ENT_NR,B-S_X_O,JP,333
2023,ENT_NR,B-S_X_O,KR,250
2023,ENT_NR,B-S_X_O,LI,9
2023,ENT_NR,B-S_X_O,LT,91
2023,ENT_NR,B-S_X_O,LU,748
2023,ENT_NR,B-S_X_O,LV,57
2023,ENT_NR,B-S_X_O,MA,80
2023,ENT_NR,B-S_X_O,MT,56
2023,ENT_NR,B-S_X_O,MX,516
2023,ENT_NR,B-S_X_O,MY,242
2023,ENT_NR,B-S_X_O,NG,22
2023,ENT_NR,B-S_X_O,NL,1751
2023,ENT_NR,B-S_X_O,NO,220
2023,ENT_NR,B-S_X_O,NZ,88
2023,ENT_NR,B-S_X_O,OFFSHO,1155
2023,ENT_NR,B-S_X_O,PH,90
2023,ENT_NR,B-S_X_O,PL,1221
2023,ENT_NR,B-S_X_O,PT,279
2023,ENT_NR,B-S_X_O,RO,382
2023,ENT_NR,B-S_X_O,RU,363
2023,ENT_NR,B-S_X_O,SE,675
2023,ENT_NR,B-S_X_O,SG,486
2023,ENT_NR,B-S_X_O,SI,117
2023,ENT_NR,B-S_X_O,SK,455
2023,ENT_NR,B-S_X_O,TH,183
2023,ENT_NR,B-S_X_O,TR,355
2023,ENT_NR,B-S_X_O,TW,158
2023,ENT_NR,B-S_X_O,UK,1728
2023,ENT_NR,B-S_X_O,US,5016
2023,ENT_NR,B-S_X_O,UY,62
2023,ENT_NR,B-S_X_O,VE,7
2023,ENT_NR,B-S_X_O,WRL_REST,33012
2023,ENT_NR,B-S_X_O,ZA,319
2023,EXPN_SAL_BEN_MEUR,B-S_X_O,AR,1312.87
2023,EXPN_SAL_BEN_MEUR,B-S_X_O,AT,14601.98
2023,EXPN_SAL_BEN_MEUR,B-S_X_O,AU,5714.38
2023,EXPN_SAL_BEN_MEUR,B-S_X_O,BE,6234.82
2023,EXPN_SAL_BEN_MEUR,B-S_X_O,BG,939.02
2023,EXPN_SAL_BEN_MEUR,B-S_X_O,BR,6957.70
2023,EXPN_SAL_BEN_MEUR,B-S_X_O,CA,5771.08
2023,EXPN_SAL_BEN_MEUR,B-S_X_O,CH,15644.76
2023,EXPN_SAL_BEN_MEUR,B-S_X_O,CL,726.98
2023,EXPN_SAL_BEN_MEUR,B-S_X_O,CN_X_HK,21187.98
2023,EXPN_SAL_BEN_MEUR,B-S_X_O,CY,46.38
2023,EXPN_SAL_BEN_MEUR,B-S_X_O,CZ,9685.07
2023,EXPN_SAL_BEN_MEUR,B-S_X_O,DK,3313.28
2023,EXPN_SAL_BEN_MEUR,B-S_X_O,EE,161.37
2023,EXPN_SAL_BEN_MEUR,B-S_X_O,EG,261.14
2023,EXPN_SAL_BEN_MEUR,B-S_X_O,EL,2345.92
2023,EXPN_SAL_BEN_MEUR,B-S_X_O,ES,14890.01
2023,EXPN_SAL_BEN_MEUR,B-S_X_O,EXT_EU27_2020,233919.03
2023,EXPN_SAL_BEN_MEUR,B-S_X_O,EXT_EU_NAL,0.00
2023,EXPN_SAL_BEN_MEUR,B-S_X_O,FI,1530.11
2023,EXPN_SAL_BEN_MEUR,B-S_X_O,FR,21404.11
2023,EXPN_SAL_BEN_MEUR,B-S_X_O,HK,1510.10
2023,EXPN_SAL_BEN_MEUR,B-S_X_O,HR,918.70
2023,EXPN_SAL_BEN_MEUR,B-S_X_O,HU,5619.11
2023,EXPN_SAL_BEN_MEUR,B-S_X_O,ID,420.11
2023,EXPN_SAL_BEN_MEUR,B-S_X_O,IE,1761.22
2023,EXPN_SAL_BEN_MEUR,B-S_X_O,IL,786.09
2023,EXPN_SAL_BEN_MEUR,B-S_X_O,IN,6430.44
2023,EXPN_SAL_BEN_MEUR,B-S_X_O,INT_EU27_2020,147855.40
2023,EXPN_SAL_BEN_MEUR,B-S_X_O,IS,44.29
2023,EXPN_SAL_BEN_MEUR,B-S_X_O,IT,12347.23
2023,EXPN_SAL_BEN_MEUR,B-S_X_O,JP,3806.33
2023,EXPN_SAL_BEN_MEUR,B-S_X_O,KR,2225.41
2023,EXPN_SAL_BEN_MEUR,B-S_X_O,LI,372.44
2023,EXPN_SAL_BEN_MEUR,B-S_X_O,LT,418.07
2023,EXPN_SAL_BEN_MEUR,B-S_X_O,LU,1342.78
2023,EXPN_SAL_BEN_MEUR,B-S_X_O,LV,187.37
2023,EXPN_SAL_BEN_MEUR,B-S_X_O,MA,448.28
2023,EXPN_SAL_BEN_MEUR,B-S_X_O,MT,156.94
2023,EXPN_SAL_BEN_MEUR,B-S_X_O,MX,15477.34
2023,EXPN_SAL_BEN_MEUR,B-S_X_O,MY,1491.69
2023,EXPN_SAL_BEN_MEUR,B-S_X_O,NG,39.50
2023,EXPN_SAL_BEN_MEUR,B-S_X_O,NL,13339.25
2023,EXPN_SAL_BEN_MEUR,B-S_X_O,NO,1973.58
2023,EXPN_SAL_BEN_MEUR,B-S_X_O,NZ,391.28
2023,EXPN_SAL_BEN_MEUR,B-S_X_O,OFFSHO,6712.07
2023,EXPN_SAL_BEN_MEUR,B-S_X_O,PH,499.60
2023,EXPN_SAL_BEN_MEUR,B-S_X_O,PL,9959.04
2023,EXPN_SAL_BEN_MEUR,B-S_X_O,PT,3783.78
2023,EXPN_SAL_BEN_MEUR,B-S_X_O,RO,4462.16
2023,EXPN_SAL_BEN_MEUR,B-S_X_O,RU,1596.79
2023,EXPN_SAL_BEN_MEUR,B-S_X_O,SE,5871.83
2023,EXPN_SAL_BEN_MEUR,B-S_X_O,SG,3801.86
2023,EXPN_SAL_BEN_MEUR,B-S_X_O,SI,765.64
2023,EXPN_SAL_BEN_MEUR,B-S_X_O,SK,11770.24
2023,EXPN_SAL_BEN_MEUR,B-S_X_O,TH,804.85
2023,EXPN_SAL_BEN_MEUR,B-S_X_O,TR,2351.72
2023,EXPN_SAL_BEN_MEUR,B-S_X_O,TW,834.31
2023,EXPN_SAL_BEN_MEUR,B-S_X_O,UK,24810.92
2023,EXPN_SAL_BEN_MEUR,B-S_X_O,US,97067.67
2023,EXPN_SAL_BEN_MEUR,B-S_X_O,UY,294.92
2023,EXPN_SAL_BEN_MEUR,B-S_X_O,VE,14.05
2023,EXPN_SAL_BEN_MEUR,B-S_X_O,WRL_REST,381774.43
2023,EXPN_SAL_BEN_MEUR,B-S_X_O,ZA,1557.09
2023,GRSINV_TNCA_MEUR,B-S_X_O,AR,380.93
2023,GRSINV_TNCA_MEUR,B-S_X_O,AT,6452.49
2023,GRSINV_TNCA_MEUR,B-S_X_O,AU,2098.01
2023,GRSINV_TNCA_MEUR,B-S_X_O,BE,3191.89
2023,GRSINV_TNCA_MEUR,B-S_X_O,BG,549.18
2023,GRSINV_TNCA_MEUR,B-S_X_O,BR,2584.19
2023,GRSINV_TNCA_MEUR,B-S_X_O,CA,3323.53
2023,GRSINV_TNCA_MEUR,B-S_X_O,CH,2592.08
2023,GRSINV_TNCA_MEUR,B-S_X_O,CL,325.50
2023,GRSINV_TNCA_MEUR,B-S_X_O,CN_X_HK,11775.30
2023,GRSINV_TNCA_MEUR,B-S_X_O,CY,40.30
2023,GRSINV_TNCA_MEUR,B-S_X_O,CZ,254759.42
2023,GRSINV_TNCA_MEUR,B-S_X_O,DK,1537.98
2023,GRSINV_TNCA_MEUR,B-S_X_O,EE,50.09
2023,GRSINV_TNCA_MEUR,B-S_X_O,EG,139.40
2023,GRSINV_TNCA_MEUR,B-S_X_O,EL,3214.83
2023,GRSINV_TNCA_MEUR,B-S_X_O,ES,6302.99
2023,GRSINV_TNCA_MEUR,B-S_X_O,EXT_EU27_2020,118912.15
2023,GRSINV_TNCA_MEUR,B-S_X_O,EXT_EU_NAL,0.00
2023,GRSINV_TNCA_MEUR,B-S_X_O,FI,838.22
2023,GRSINV_TNCA_MEUR,B-S_X_O,FR,10381.24
2023,GRSINV_TNCA_MEUR,B-S_X_O,HK,579.70
2023,GRSINV_TNCA_MEUR,B-S_X_O,HR,1118.14
2023,GRSINV_TNCA_MEUR,B-S_X_O,HU,7799.50
2023,GRSINV_TNCA_MEUR,B-S_X_O,ID,157.38
2023,GRSINV_TNCA_MEUR,B-S_X_O,IE,767.16
2023,GRSINV_TNCA_MEUR,B-S_X_O,IL,188.92
2023,GRSINV_TNCA_MEUR,B-S_X_O,IN,2009.45
2023,GRSINV_TNCA_MEUR,B-S_X_O,INT_EU27_2020,327782.14
2023,GRSINV_TNCA_MEUR,B-S_X_O,IS,23.08
2023,GRSINV_TNCA_MEUR,B-S_X_O,IT,6073.07
2023,GRSINV_TNCA_MEUR,B-S_X_O,JP,1736.76
2023,GRSINV_TNCA_MEUR,B-S_X_O,KR,823.42
2023,GRSINV_TNCA_MEUR,B-S_X_O,LI,18.39
2023,GRSINV_TNCA_MEUR,B-S_X_O,LT,317.41
2023,GRSINV_TNCA_MEUR,B-S_X_O,LU,1402.00
2023,GRSINV_TNCA_MEUR,B-S_X_O,LV,144.30
2023,GRSINV_TNCA_MEUR,B-S_X_O,MA,108.58
2023,GRSINV_TNCA_MEUR,B-S_X_O,MT,49.66
2023,GRSINV_TNCA_MEUR,B-S_X_O,MX,3101.76
2023,GRSINV_TNCA_MEUR,B-S_X_O,MY,1332.75
2023,GRSINV_TNCA_MEUR,B-S_X_O,NG,11.04
2023,GRSINV_TNCA_MEUR,B-S_X_O,NL,4980.80
2023,GRSINV_TNCA_MEUR,B-S_X_O,NO,569.83
2023,GRSINV_TNCA_MEUR,B-S_X_O,NZ,139.80
2023,GRSINV_TNCA_MEUR,B-S_X_O,OFFSHO,3403.94
2023,GRSINV_TNCA_MEUR,B-S_X_O,PH,133.92
2023,GRSINV_TNCA_MEUR,B-S_X_O,PL,6410.64
2023,GRSINV_TNCA_MEUR,B-S_X_O,PT,1284.82
2023,GRSINV_TNCA_MEUR,B-S_X_O,RO,3900.89
2023,GRSINV_TNCA_MEUR,B-S_X_O,RU,478.04
2023,GRSINV_TNCA_MEUR,B-S_X_O,SE,2887.80
2023,GRSINV_TNCA_MEUR,B-S_X_O,SG,2437.54
2023,GRSINV_TNCA_MEUR,B-S_X_O,SI,340.48
2023,GRSINV_TNCA_MEUR,B-S_X_O,SK,2986.82
2023,GRSINV_TNCA_MEUR,B-S_X_O,TH,557.43
2023,GRSINV_TNCA_MEUR,B-S_X_O,TR,1421.67
2023,GRSINV_TNCA_MEUR,B-S_X_O,TW,459.96
2023,GRSINV_TNCA_MEUR,B-S_X_O,UK,14797.65
2023,GRSINV_TNCA_MEUR,B-S_X_O,US,60489.71
2023,GRSINV_TNCA_MEUR,B-S_X_O,UY,48.65
2023,GRSINV_TNCA_MEUR,B-S_X_O,VE,0.73
2023,GRSINV_TNCA_MEUR,B-S_X_O,WRL_REST,446694.28
2023,GRSINV_TNCA_MEUR,B-S_X_O,ZA,460.53
2023,NETTUR_MEUR,B-S_X_O,AR,10113.30
2023,NETTUR_MEUR,B-S_X_O,AT,100818.89
2023,NETTUR_MEUR,B-S_X_O,AU,48517.14
2023,NETTUR_MEUR,B-S_X_O,BE,67401.31
2023,NETTUR_MEUR,B-S_X_O,BG,11851.02
2023,NETTUR_MEUR,B-S_X_O,BR,60849.04
2023,NETTUR_MEUR,B-S_X_O,CA,48074.66
2023,NETTUR_MEUR,B-S_X_O,CH,140658.16
2023,NETTUR_MEUR,B-S_X_O,CL,5356.33
2023,NETTUR_MEUR,B-S_X_O,CN_X_HK,277816.56
2023,NETTUR_MEUR,B-S_X_O,CY,809.27
2023,NETTUR_MEUR,B-S_X_O,CZ,89985.92
2023,NETTUR_MEUR,B-S_X_O,DK,22002.07
2023,NETTUR_MEUR,B-S_X_O,EE,1566.03
2023,NETTUR_MEUR,B-S_X_O,EG,3303.72
2023,NETTUR_MEUR,B-S_X_O,EL,12571.38
2023,NETTUR_MEUR,B-S_X_O,ES,112113.27
2023,NETTUR_MEUR,B-S_X_O,EXT_EU27_2020,2173183.18
2023,NETTUR_MEUR,B-S_X_O,EXT_EU_NAL,0.00
2023,NETTUR_MEUR,B-S_X_O,FI,13042.86
2023,NETTUR_MEUR,B-S_X_O,FR,169765.51
2023,NETTUR_MEUR,B-S_X_O,HK,29102.85
2023,NETTUR_MEUR,B-S_X_O,HR,8062.23
2023,NETTUR_MEUR,B-S_X_O,HU,60185.80
2023,NETTUR_MEUR,B-S_X_O,ID,5452.63
2023,NETTUR_MEUR,B-S_X_O,IE,32530.87
2023,NETTUR_MEUR,B-S_X_O,IL,4002.34
2023,NETTUR_MEUR,B-S_X_O,IN,41550.89
2023,NETTUR_MEUR,B-S_X_O,INT_EU27_2020,1218659.96
2023,NETTUR_MEUR,B-S_X_O,IS,165.88
2023,NETTUR_MEUR,B-S_X_O,IT,121610.50
2023,NETTUR_MEUR,B-S_X_O,JP,44403.58
2023,NETTUR_MEUR,B-S_X_O,KR,34354.60
2023,NETTUR_MEUR,B-S_X_O,LI,2451.60
2023,NETTUR_MEUR,B-S_X_O,LT,4361.37
2023,NETTUR_MEUR,B-S_X_O,LU,15245.58
2023,NETTUR_MEUR,B-S_X_O,LV,1930.39
2023,NETTUR_MEUR,B-S_X_O,MA,3122.10
2023,NETTUR_MEUR,B-S_X_O,MT,5697.56
2023,NETTUR_MEUR,B-S_X_O,MX,73248.55
2023,NETTUR_MEUR,B-S_X_O,MY,15253.57
2023,NETTUR_MEUR,B-S_X_O,NG,411.07
2023,NETTUR_MEUR,B-S_X_O,NL,98850.73
2023,NETTUR_MEUR,B-S_X_O,NO,14838.16
2023,NETTUR_MEUR,B-S_X_O,NZ,2704.53
2023,NETTUR_MEUR,B-S_X_O,OFFSHO,78717.00
2023,NETTUR_MEUR,B-S_X_O,PH,3089.49
2023,NETTUR_MEUR,B-S_X_O,PL,112617.85
2023,NETTUR_MEUR,B-S_X_O,PT,21734.48
2023,NETTUR_MEUR,B-S_X_O,RO,39800.73
2023,NETTUR_MEUR,B-S_X_O,RU,15512.07
2023,NETTUR_MEUR,B-S_X_O,SE,51805.95
2023,NETTUR_MEUR,B-S_X_O,SG,36781.38
2023,NETTUR_MEUR,B-S_X_O,SI,6363.57
2023,NETTUR_MEUR,B-S_X_O,SK,35934.85
2023,NETTUR_MEUR,B-S_X_O,TH,10872.55
2023,NETTUR_MEUR,B-S_X_O,TR,29716.29
2023,NETTUR_MEUR,B-S_X_O,TW,14138.76
2023,NETTUR_MEUR,B-S_X_O,UK,354036.72
2023,NETTUR_MEUR,B-S_X_O,US,759653.57
2023,NETTUR_MEUR,B-S_X_O,UY,1601.46
2023,NETTUR_MEUR,B-S_X_O,VE,80.05
2023,NETTUR_MEUR,B-S_X_O,WRL_REST,3391843.14
2023,NETTUR_MEUR,B-S_X_O,ZA,21146.57
